{"IcoMoonType":"selection","icons":[{"icon":{"paths":["M1024 0v416l-160-160-192 192-96-96 192-192-160-160zM448 672l-192 192 160 160h-416v-416l160 160 192-192z"],"tags":["enlarge","expand","maximize","fullscreen"],"defaultCode":59787,"grid":16,"attrs":[]},"attrs":[],"properties":{"ligatures":"enlarge2, expand2","name":"enlarge2","order":31,"id":140,"prevSize":32,"code":59787},"setIdx":2,"setId":1,"iconIdx":139},{"icon":{"paths":["M512 0c-282.77 0-512 229.23-512 512s229.23 512 512 512 512-229.23 512-512-229.23-512-512-512zM512 928c-229.75 0-416-186.25-416-416s186.25-416 416-416 416 186.25 416 416-186.25 416-416 416zM384 288l384 224-384 224z"],"tags":["play","player"],"defaultCode":59925,"grid":16,"attrs":[]},"attrs":[],"properties":{"ligatures":"play2, player","name":"play2","order":28,"id":278,"prevSize":32,"code":59925},"setIdx":2,"setId":1,"iconIdx":277},{"icon":{"paths":["M512 0c-282.77 0-512 229.23-512 512s229.23 512 512 512 512-229.23 512-512-229.23-512-512-512zM512 928c-229.75 0-416-186.25-416-416s186.25-416 416-416 416 186.25 416 416-186.25 416-416 416zM320 320h128v384h-128zM576 320h128v384h-128z"],"tags":["pause","player"],"defaultCode":59926,"grid":16,"attrs":[]},"attrs":[],"properties":{"ligatures":"pause, player2","name":"pause","order":29,"id":279,"prevSize":32,"code":59926},"setIdx":2,"setId":1,"iconIdx":278}],"height":1024,"metadata":{"name":"icomoon"},"preferences":{"showGlyphs":true,"showQuickUse":true,"showQuickUse2":true,"showSVGs":true,"fontPref":{"prefix":"icon-","metadata":{"fontFamily":"icomoon"},"metrics":{"emSize":1024,"baseline":6.25,"whitespace":50},"embed":false},"imagePref":{"prefix":"icon-","png":true,"useClassSelector":true,"color":0,"bgColor":16777215,"classSelector":".icon"},"historySize":50,"showCodes":true,"gridSize":16}}